,nrmse,ssim,cwssim,gms
2015 v. 2017,0.4471498727798462,0.8529475842560095,0.837,0.8280000000000001
