,nrmse,ssim,cwssim,gms
2012 v. 2016,0.31824570894241333,0.8768771185317811,0.8165,0.862
