,nrmse,ssim,cwssim,gms
2015 v. 2017,0.909,0.8529475842560095,0.7969999999999999,0.8280000000000001
